{"cameraMode":{"drawMode":0,"name":"Shaded","section":"Shading Mode"},"sceneLighting":true,"audioPlay":false,"sceneViewState":{"showFog":false,"showMaterialUpdate":false,"showSkybox":false,"showFlares":false,"showImageEffects":false,"showParticleSystems":true},"in2DMode":false,"pivot":{"x":7.345055103302002,"y":-1.7958106994628907,"z":0.40640175342559817},"rotation":{"x":0.1448252648115158,"y":0.6185367703437805,"z":-0.11735408008098602,"w":0.7633271217346191},"size":14.68131160736084,"orthographic":false}