{"cameraMode":{"drawMode":0,"name":"Shaded","section":"Shading Mode"},"sceneLighting":false,"audioPlay":false,"sceneViewState":{"showFog":false,"showMaterialUpdate":false,"showSkybox":false,"showFlares":false,"showImageEffects":false,"showParticleSystems":true},"in2DMode":false,"pivot":{"x":0.6645493507385254,"y":-3.4141058921813967,"z":-1.8675198554992676},"rotation":{"x":0.09740374237298966,"y":0.9026020169258118,"z":-0.29591891169548037,"w":0.2970949113368988},"size":16.040294647216798,"orthographic":false}