{"cameraMode":{"drawMode":0,"name":"Shaded","section":"Shading Mode"},"sceneLighting":false,"audioPlay":false,"sceneViewState":{"showFog":false,"showMaterialUpdate":false,"showSkybox":false,"showFlares":false,"showImageEffects":false,"showParticleSystems":true},"in2DMode":false,"pivot":{"x":3.529376983642578,"y":-6.770703315734863,"z":7.096687316894531},"rotation":{"x":-0.32928466796875,"y":-0.23015132546424867,"z":0.08310036361217499,"w":-0.911977231502533},"size":18.13434410095215,"orthographic":false}