{"cameraMode":{"drawMode":0,"name":"Shaded","section":"Shading Mode"},"sceneLighting":true,"audioPlay":false,"sceneViewState":{"showFog":false,"showMaterialUpdate":false,"showSkybox":false,"showFlares":false,"showImageEffects":false,"showParticleSystems":true},"in2DMode":false,"pivot":{"x":0.32213783264160159,"y":-1.5105178356170655,"z":4.556224346160889},"rotation":{"x":0.29761800169944765,"y":0.11535445600748062,"z":-0.03625725209712982,"w":0.9470046162605286},"size":7.244626998901367,"orthographic":false}