{"cameraMode":{"drawMode":0,"name":"Shaded","section":"Shading Mode"},"sceneLighting":false,"audioPlay":false,"sceneViewState":{"showFog":false,"showMaterialUpdate":false,"showSkybox":false,"showFlares":false,"showImageEffects":false,"showParticleSystems":true},"in2DMode":false,"pivot":{"x":-0.4256298542022705,"y":-0.7111417055130005,"z":0.08856439590454102},"rotation":{"x":-0.0478392094373703,"y":0.9502366781234741,"z":-0.24649553000926972,"w":-0.18442471325397492},"size":5.202765941619873,"orthographic":false}