{"cameraMode":{"drawMode":0,"name":"Shaded","section":"Shading Mode"},"sceneLighting":true,"audioPlay":false,"sceneViewState":{"showFog":false,"showMaterialUpdate":false,"showSkybox":false,"showFlares":false,"showImageEffects":false,"showParticleSystems":true},"in2DMode":false,"pivot":{"x":36.15528869628906,"y":35.76441192626953,"z":109.8758316040039},"rotation":{"x":-0.06016801297664642,"y":-0.6971639394760132,"z":0.058915793895721439,"w":-0.7119523286819458},"size":114.7249984741211,"orthographic":false}