{"cameraMode":{"drawMode":0,"name":"Shaded","section":"Shading Mode"},"sceneLighting":false,"audioPlay":false,"sceneViewState":{"showFog":false,"showMaterialUpdate":false,"showSkybox":false,"showFlares":false,"showImageEffects":false,"showParticleSystems":true},"in2DMode":false,"pivot":{"x":-16.37303924560547,"y":7.969149112701416,"z":-8.933414459228516},"rotation":{"x":0.016475798562169076,"y":0.8884888291358948,"z":0.03199993073940277,"w":-0.4574873149394989},"size":39.93157958984375,"orthographic":false}