{"cameraMode":{"drawMode":0,"name":"Shaded","section":"Shading Mode"},"sceneLighting":false,"audioPlay":false,"sceneViewState":{"showFog":false,"showMaterialUpdate":false,"showSkybox":false,"showFlares":false,"showImageEffects":false,"showParticleSystems":true},"in2DMode":false,"pivot":{"x":-0.5773496627807617,"y":0.11245942115783692,"z":0.47456979751586916},"rotation":{"x":0.4872283339500427,"y":0.14536580443382264,"z":-0.08263321965932846,"w":0.8571167588233948},"size":2.8525688648223879,"orthographic":false}