{"cameraMode":{"drawMode":0,"name":"Shaded","section":"Shading Mode"},"sceneLighting":true,"audioPlay":false,"sceneViewState":{"showFog":false,"showMaterialUpdate":false,"showSkybox":false,"showFlares":false,"showImageEffects":false,"showParticleSystems":true},"in2DMode":false,"pivot":{"x":-10.091880798339844,"y":1.032641887664795,"z":1.6615486145019532},"rotation":{"x":-0.11092197149991989,"y":0.0536043718457222,"z":-0.00601112749427557,"w":-0.9923991560935974},"size":20.761932373046876,"orthographic":false}