{"cameraMode":{"drawMode":0,"name":"Shaded","section":"Shading Mode"},"sceneLighting":false,"audioPlay":false,"sceneViewState":{"showFog":false,"showMaterialUpdate":false,"showSkybox":false,"showFlares":false,"showImageEffects":false,"showParticleSystems":true},"in2DMode":false,"pivot":{"x":0.48601627349853518,"y":-5.121382236480713,"z":-0.44024658203125},"rotation":{"x":0.09740374237298966,"y":0.9026020169258118,"z":-0.29591891169548037,"w":0.2970949113368988},"size":14.34424114227295,"orthographic":false}