{"cameraMode":{"drawMode":0,"name":"Shaded","section":"Shading Mode"},"sceneLighting":false,"audioPlay":false,"sceneViewState":{"showFog":false,"showMaterialUpdate":false,"showSkybox":false,"showFlares":false,"showImageEffects":false,"showParticleSystems":true},"in2DMode":false,"pivot":{"x":-20.408466339111329,"y":-18.53464126586914,"z":-1.5660805702209473},"rotation":{"x":-0.18833203613758088,"y":0.7643082737922669,"z":-0.2566809058189392,"w":-0.560788094997406},"size":37.881553649902347,"orthographic":false}