{"cameraMode":{"drawMode":0,"name":"Shaded","section":"Shading Mode"},"sceneLighting":true,"audioPlay":false,"sceneViewState":{"showFog":false,"showMaterialUpdate":false,"showSkybox":false,"showFlares":false,"showImageEffects":false,"showParticleSystems":true},"in2DMode":false,"pivot":{"x":-2.511604070663452,"y":-10.754651069641114,"z":16.017087936401368},"rotation":{"x":0.30901482701301577,"y":-0.06839710474014282,"z":0.022287864238023759,"w":0.9483345746994019},"size":23.723918914794923,"orthographic":false}