{"cameraMode":{"drawMode":0,"name":"Shaded","section":"Shading Mode"},"sceneLighting":false,"audioPlay":false,"sceneViewState":{"showFog":false,"showMaterialUpdate":false,"showSkybox":false,"showFlares":false,"showImageEffects":false,"showParticleSystems":true},"in2DMode":false,"pivot":{"x":-0.04526340961456299,"y":-0.036405205726623538,"z":0.3002212345600128},"rotation":{"x":-0.17834711074829102,"y":0.5083326101303101,"z":-0.10851077735424042,"w":-0.8354787826538086},"size":3.2514688968658449,"orthographic":false}