{"cameraMode":{"drawMode":0,"name":"Shaded","section":"Shading Mode"},"sceneLighting":false,"audioPlay":false,"sceneViewState":{"showFog":false,"showMaterialUpdate":false,"showSkybox":false,"showFlares":false,"showImageEffects":false,"showParticleSystems":true},"in2DMode":false,"pivot":{"x":-1.1453022956848145,"y":-0.3935573101043701,"z":1.3200712203979493},"rotation":{"x":-0.16260099411010743,"y":0.7877297401428223,"z":-0.23463979363441468,"w":-0.5458821058273315},"size":7.988983154296875,"orthographic":false}