{"cameraMode":{"drawMode":0,"name":"Shaded","section":"Shading Mode"},"sceneLighting":false,"audioPlay":false,"sceneViewState":{"showFog":false,"showMaterialUpdate":false,"showSkybox":false,"showFlares":false,"showImageEffects":false,"showParticleSystems":true},"in2DMode":false,"pivot":{"x":-1.3366146087646485,"y":0.017851635813713075,"z":-0.5742592811584473},"rotation":{"x":-0.018877122551202775,"y":0.7223623394966126,"z":-0.019730448722839357,"w":-0.6909826397895813},"size":4.319828510284424,"orthographic":false}