{"cameraMode":{"drawMode":0,"name":"Shaded","section":"Shading Mode"},"sceneLighting":true,"audioPlay":false,"sceneViewState":{"showFog":false,"showMaterialUpdate":false,"showSkybox":false,"showFlares":false,"showImageEffects":false,"showParticleSystems":true},"in2DMode":false,"pivot":{"x":17.524383544921876,"y":-1.603973388671875,"z":20.231124877929689},"rotation":{"x":-0.17249968647956849,"y":-0.48490893840789797,"z":0.09818516671657562,"w":-0.8517630100250244},"size":152.66824340820313,"orthographic":false}