{"cameraMode":{"drawMode":0,"name":"Shaded","section":"Shading Mode"},"sceneLighting":true,"audioPlay":false,"sceneViewState":{"showFog":false,"showMaterialUpdate":false,"showSkybox":false,"showFlares":false,"showImageEffects":false,"showParticleSystems":true},"in2DMode":false,"pivot":{"x":-8.653971672058106,"y":-27.386568069458009,"z":15.492389678955079},"rotation":{"x":0.41931241750717165,"y":-0.21907302737236024,"z":0.10501542687416077,"w":0.8747329711914063},"size":61.809906005859378,"orthographic":false}