{"cameraMode":{"drawMode":0,"name":"Shaded","section":"Shading Mode"},"sceneLighting":true,"audioPlay":false,"sceneViewState":{"showFog":false,"showMaterialUpdate":false,"showSkybox":false,"showFlares":false,"showImageEffects":false,"showParticleSystems":true},"in2DMode":false,"pivot":{"x":-207.6141815185547,"y":-180.74533081054688,"z":115.32991790771485},"rotation":{"x":-0.22386880218982697,"y":0.7594357132911682,"z":-0.33126676082611086,"w":-0.5132710337638855},"size":475.3763427734375,"orthographic":false}